,HeadLines
0,"Iranians 'free to protest, not destroy'"
1,Cities welcome 2018 with a bang
2,Palestinians recall envoy to US
3,Five police officers shot in Colorado
4,Hague court 'could not prevent' suicide
5,Tourists die in Costa Rica plane crash
6,Secret writing in mummy cases revealed
7,Six dead after seaplane crash near Sydney
8,Second ship seized in N Korea oil row
9,Foreign aid 'to be used for UK interests'
10,Indian star Rajinikanth enters politics
11,China reduces import tax on donkey skins
12,Dozens killed in Kenya bus crash
13,Deaths in Congo anti-Kabila protest
14,Clashes erupt in western town
15,Government supporters rally
16,"The world is watching, US warns"
17,Ringing in 2018 in photos
18,BBC World News TV
19,BBC World Service Radio
20,The best science stories of 2017
21,Niagara Falls becomes ice-covered spectacle
22,Entertainment and arts in memoriam
23,'I asked for Lorde tickets not the Lord'
24,How I divorced Islamic State
25,Niagara Falls becomes ice-covered spectacle
26,Cities welcome 2018 with a bang
27,Is this the ‘sexiest dance ever’?
28,'He touched my back down to my bum'
29,How I divorced Islamic State
30,The future of international justice
31,Five things we learned from Trump's holiday
32,Scandal of US teen locked up for years without trial
33,A mental health scandal haunting America
34,What next for Brexit in 2018?
35,The best science long reads of 2017 (part two)
36,Teen who scolded Trudeau to address UN
37,Tourists die in Costa Rica plane crash
38,Five police officers shot in Colorado
39,"Iranians 'free to protest, not destroy'"
40,New year celebrations welcome in 2018
41,Secret writing in mummy cases revealed
42,Palestinians recall envoy to US
43,Hague court 'could not prevent' suicide
44,Ringing in 2018 in photos
45,Second ship seized in N Korea oil row
46,Teen who scolded Trudeau to address UN
47,Is there a perfect time to set goals?
48,Why Genghis Khan’s tomb can’t be found
49,The best albums of 2017
50,The ocean is a strange place after dark
51,"Who will be remembered in 1,000 years?"
52,Surprising upsides to a faster world
53,19 emotions you never knew you had
54,West Bromwich Albion 1-1 Arsenal
55,Sporting predictions for 2018
56,Exeter 30-6 Leicester
57,Farewell to sport's unlikely revolutionary
58,Who tops the 2017 Premier League table?
59,Murray happy at '30 in the world level'
60,Crystal Palace 0-0 Manchester City
,HeadLines
0,"Iranians 'free to protest, not destroy'"
1,New Year celebrations in full swing
2,Palestinians recall envoy to US
3,Five police officers shot in Colorado
4,Hague court 'could not prevent' suicide
5,US tourists die in Costa Rica plane crash
6,Venezuela to raise minimum wage by 40%
7,Germany to enforce hate speech law
8,"Car park fire destroys 1,400 vehicles"
9,Secret writing in mummy cases revealed
10,Six dead after seaplane crash near Sydney
11,China reduces import tax on donkey skins
12,Dozens killed in Kenya bus crash
13,Deaths in Congo anti-Kabila protest
14,Clashes erupt in western town
15,Government supporters rally
16,"The world is watching, US warns"
17,Ringing in 2018 in photos
18,BBC World News TV
19,BBC World Service Radio
20,What keeps this UN peacekeeper going?
21,Baby born as mother flees Myanmar
22,The wild swimmers of Henleaze Lake
23,Why China doesn't want your waste anymore
24,Niagara Falls becomes ice-covered spectacle
25,New Year celebrations in full swing
26,Niagara Falls becomes ice-covered spectacle
27,Why China doesn't want your waste anymore
28,Is this the ‘sexiest dance ever’?
29,'Rocket Man' lands in Seoul
30,From mega rocket to superfast car - science in 2018
31,Scandal of US teen locked up for years without trial
32,Frankenstein: Behind the monster smash
33,What's in store for Europe in 2018?
34,The history of India in one exhibition
35,Teen who scolded Trudeau to address UN
36,Reality Check: Keeping your New Year's resolution
37,Five police officers shot in Colorado
38,"Iranians 'free to protest, not destroy'"
39,"Car park fire destroys 1,400 vehicles"
40,US tourists die in Costa Rica plane crash
41,Germany to enforce hate speech law
42,Hague court 'could not prevent' suicide
43,Palestinians recall envoy to US
44,New year celebrations welcome in 2018
45,Venezuela to raise minimum wage by 40%
46,Secret writing in mummy cases revealed
47,Do early risers really get more done? 
48,Why Genghis Khan’s tomb can’t be found
49,The best albums of 2017
50,The ocean is a strange place after dark
51,"Who will be remembered in 1,000 years?"
52,‘I cut out my social life entirely’
53,19 emotions you never knew you had
54,West Bromwich Albion 1-1 Arsenal
55,Sporting predictions for 2018
56,Exeter 30-6 Leicester
57,Farewell to sport's unlikely revolutionary
58,Who tops the 2017 Premier League table?
59,Murray happy at '30 in the world level'
60,Crystal Palace 0-0 Manchester City
,HeadLines
0,S Korea offers Olympics talks with North
1,Deadly overnight protests in Iran
2,Outrage over YouTuber's dead body video
3,Hollywood women launch abuse campaign
4,Trump blasts Pakistan in first 2018 tweet
5,German MP under fire for anti-Muslim tweets
6,Nine killed in Brazil prison riot
7,2017 'safest year' for air travel
8,Palestinian girl charged after slap video
9,Former winner becomes Miss America chair
10,Beachgoers' crafty bid to avoid booze ban
11,Venezuela soldier held over queue killing
12,"Boko Haram captives escape, army says"
13,Drug smuggler Corby appears on music track
14,"Nuclear button is on my desk, says Kim"
15,North Korea crisis in 300 words
16,The village dividing North and South Korea
17,What's it like to live in North Korea?
18,BBC World News TV
19,BBC World Service Radio
20,Winter Olympic site where it rarely snows
21,What keeps this UN peacekeeper going?
22,Baby born as mother flees Myanmar
23,Ringing in 2018 in photos
24,The wild swimmers of Henleaze Lake
25,North Korea shows off 'ice missile'
26,What's it like to live in North Korea?
27,Staying in this New Year? You’re not alone
28,Is this the ‘sexiest dance ever’?
29,Scandal of US teen locked up for years without trial
30,The Japanese rice cakes that kill people
31,Making the most of life with a stoma
32,Animal rights activists forced to lie low
33,Reality Check: Keeping your New Year's resolution
34,Our sporting predictions for 2018
35,From mega rocket to superfast car - science in 2018
36,The unusual art of Prince's ex-art director 
37,Outrage over YouTuber's dead body video
38,Beachgoers' crafty bid to avoid booze ban
39,The Japanese rice cakes that kill people
40,S Korea offers Olympics talks with North
41,Deadly overnight protests in Iran
42,Trump blasts Pakistan in first 2018 tweet
43,Hollywood women launch abuse campaign
44,Warnings as 80mph winds set to hit UK
45,UK 'faces build-up of plastic waste'
46,US family shot dead on New Year's Eve
47,The man who flies to work every day
48,Is this ‘the king of meals’?
49,Ten books to read in 2018
50,The ocean is a strange place after dark
51,"Who will be remembered in 1,000 years?"
52,Do early risers really get more done? 
53,How Western civilisation could collapse
54,Injured Murray out of Brisbane event
55,Fixture list a disaster - Guardiola
56,Starc confident of making final Test
57,Injured Muguruza pulls out of Brisbane
58,Mourinho bites back at pundit Scholes
59,Cross stuns Taylor to claim world title
60,Wenger news conference & Premier League catch-up
,HeadLines
0,Iran's ruler blames unrest on 'enemies'
1,S Korea offers Olympics talks with North
2,Outrage over YouTuber's dead body video
3,Hollywood women launch anti-abuse campaign
4,North Korea shows off 'ice missile'
5,Stories of slavery from a Libyan detention centre
6,German doctors oppose migrant age tests
7,Deadly attack on New Year church service
8,LeEco founder defies China return demand
9,Two killed climbing Table Mountain
10,Dozens on run after deadly prison riot
11,St Petersburg man charged over bombing
12,2017 safest year for air travel
13,Dozens of reptile eggs found in sandpit
14,Protests and street fires
15,Clashes in western town
16,Protest chants sweep cities
17,What's it like to live in North Korea?
18,BBC World News TV
19,BBC World Service Radio
20,Winter Olympic site where it rarely snows
21,What keeps this UN peacekeeper going?
22,Baby born as mother flees Myanmar
23,Ringing in 2018 in photos
24,The wild swimmers of Henleaze Lake
25,North Korea shows off 'ice missile'
26,Is this the ‘sexiest dance ever’?
27,What's it like to live in North Korea?
28,'Quick-thinking' woman trips up suspect
29,Winter Olympic site where it rarely snows
30,The Japanese rice cakes that kill people
31,Making the most of life with a stoma
32,Animal rights activists forced to lie low
33,Reality Check: Keeping your New Year's resolution
34,Our sporting predictions for 2018
35,From mega rocket to superfast car - science in 2018
36,The unusual art of Prince's ex-art director 
37,Beachgoers' crafty bid to avoid booze ban
38,Outrage over YouTuber's dead body video
39,The Japanese rice cakes that kill people
40,Iran's ruler blames unrest on 'enemies'
41,S Korea offers Olympics talks with North
42,German doctors oppose migrant age tests
43,Dozens of reptile eggs found in sandpit
44,US family shot dead on New Year's Eve
45,LeEco founder defies China return demand
46,Warnings as 80mph winds set to hit UK
47,The man who flies to work every day
48,Is this ‘the king of meals’?
49,Ten books to read in 2018
50,The ocean is a strange place after dark
51,How Western civilisation could collapse
52,Do early risers really get more done? 
53,The university with its own airfield 
54,Fixture list a disaster - Guardiola
55,MCG pitch used in Ashes rated 'poor'
56,"Scholes doesn't comment, he criticises - Mourinho"
57,Injured Muguruza pulls out of Brisbane
58,Cross stuns Taylor to claim world title
59,Starc confident of making final Test
60,Murray considers operation on hip injury
,HeadLines
0,Iran's ruler blames unrest on 'enemies'
1,South Korea offers North Olympics talks
2,Anger over YouTuber's dead man video
3,Hollywood women launch anti-abuse campaign
4,North Korea shows off 'ice missile'
5,Stories of slavery from a Libyan detention centre
6,Lorde attacked for cancelling Israel gig
7,German doctors oppose migrant age tests
8,Mother sues dentist son to repay tuition
9,Egypt's top imam endorses Bitcoin ban
10,Ukraine murder probe over lawyer's death
11,NYC ballet chief quits amid abuse claims
12,Deadly attack on New Year church service
13,US tourists die in Costa Rica plane crash
14,An unpredictable challenge for Iran
15,Protests and street fires
16,Clashes in western town
17,What's it like to live in North Korea?
18,BBC World News TV
19,BBC World Service Radio
20,Winter Olympic site where it rarely snows
21,Dozens of reptile eggs found in sandpit
22,Visiting the museum dedicated to Stalin
23,What keeps this UN peacekeeper going?
24,Baby born as mother flees Myanmar
25,North Korea shows off 'ice missile'
26,Is this the ‘sexiest dance ever’?
27,'Quick-thinking' woman trips up suspect
28,What's it like to live in North Korea?
29,Winter Olympic site where it rarely snows
30,The Japanese rice cakes that kill people
31,An unpredictable challenge for Iran
32,Making the most of life with a stoma
33,Animal rights activists forced to lie low
34,Reality Check: Keeping your New Year's resolution
35,Our sporting predictions for 2018
36,The unusual art of Prince's ex-art director 
37,Anger over YouTuber's dead man video
38,The Japanese rice cakes that kill people
39,Beachgoers' crafty bid to avoid booze ban
40,Iran's ruler blames unrest on 'enemies'
41,Dozens of reptile eggs found in sandpit
42,Two killed climbing Table Mountain
43,Mother sues dentist son to repay tuition
44,NYC ballet chief quits amid abuse claims
45,Ex-England star admits drink driving
46,South Korea offers North Olympics talks
47,The man who flies to work every day
48,Is this ‘the king of meals’?
49,Ten books to read in 2018
50,The ocean is a strange place after dark
51,How Western civilisation could collapse
52,Do early risers really get more done? 
53,The university with its own airfield 
54,Fixture list a disaster - Guardiola
55,MCG pitch used in Ashes rated 'poor'
56,Konta through to last eight in Brisbane
57,"Scholes doesn't comment, he criticises - Mourinho"
58,Cross stuns Taylor to claim world title
59,Starc confident of making final Test
60,Murray considers operation on hip injury
,HeadLines
0,Iran's ruler blames unrest on 'enemies'
1,South Korea offers North Olympics talks
2,Anger over YouTuber's dead man video
3,North Korea shows off 'ice missile'
4,'Used as a slave' in a Libyan detention centre
5,Boy 'murdered family on New Year's Eve'
6,Two killed climbing Table Mountain
7,Lorde attacked for cancelling Israel gig
8,The Japanese rice cakes that kill people
9,German doctors oppose migrant age tests
10,Mother sues dentist son to repay tuition
11,Egypt's top imam endorses Bitcoin ban
12,Indian Muslim killed 'in row over music'
13,US tourists die in Costa Rica plane crash
14,Why are there protests in Iran?
15,An unpredictable challenge
16,Protests and street fires
17,Winter Olympic site where it rarely snows
18,BBC World News TV
19,BBC World Service Radio
20,What's it like to live in North Korea?
21,Dozens of reptile eggs found in sandpit
22,Photos show Liverpool blaze devastation
23,Fancy a holiday running a bookshop?
24,Visiting the museum dedicated to Stalin
25,North Korea shows off 'ice missile'
26,Is this the ‘sexiest dance ever’?
27,'Quick-thinking' woman trips up suspect
28,Winter Olympic site where it rarely snows
29,Niagara Falls becomes ice-covered spectacle
30,An unpredictable challenge for Iran
31,Making the most of life with a stoma
32,Animal rights activists forced to lie low
33,Reality Check: Keeping your New Year's resolution
34,Our sporting predictions for 2018
35,From mega rocket to superfast car - science in 2018
36,Creating a new world living in a single room
37,Anger over YouTuber's dead man video
38,The Japanese rice cakes that kill people
39,Boy 'murdered family on New Year's Eve'
40,Virgin Trains apologises for 'sexist' tweet
41,Beachgoers' crafty bid to avoid booze ban
42,Iran's ruler blames unrest on 'enemies'
43,Two killed climbing Table Mountain
44,Dozens of reptile eggs found in sandpit
45,Footballer admits girlfriend attack
46,Mother sues dentist son to repay tuition
47,The man who flies to work every day
48,Is this ‘the king of meals’?
49,Ten books to read in 2018
50,The ocean is a strange place after dark
51,How Western civilisation could collapse
52,Do early risers really get more done? 
53,The university with its own airfield 
54,Stoke consider future of manager Hughes
55,Arsenal boss Wenger charged by FA
56,MCG pitch used in Ashes rated 'poor'
57,Fixture list a disaster - Guardiola
58,Konta through to last eight in Brisbane
59,"Scholes doesn't comment, he criticises - Mourinho"
60,Murray considers operation on hip injury
,HeadLines
0,Iran's ruler blames unrest on 'enemies'
1,Israel orders African migrants to leave
2,Why there are huge protests in Iran
3,Anger over YouTuber's dead man video
4,Deadly US cold snap expected to worsen
5,US soldier killed in combat in Afghanistan
6,Boy 'murdered family on New Year's Eve'
7,Trump faces tough January tests
8,Many killed in Peru coach cliff plunge
9,Senator's exit opens door to Mitt Romney
10,Kotb officially replaces Lauer on Today
11,Two killed climbing Table Mountain
12,Lorde attacked for cancelling Israel gig
13,Bulgaria president blocks corruption bill
14,Why are there protests in Iran?
15,'We have the right to protest'
16,Police station set ablaze
17,Winter Olympic site where it rarely snows
18,BBC World News TV
19,BBC World Service Radio
20,North Korea shows off 'ice missile'
21,Dozens of reptile eggs found in sandpit
22,Photos show Liverpool blaze devastation
23,Fancy a holiday running a bookshop?
24,Visiting the museum dedicated to Stalin
25,Why there are huge protests in Iran
26,North Korea shows off 'ice missile'
27,Second Bronx fire rips through building
28,Is this the ‘sexiest dance ever’?
29,Niagara Falls becomes ice-covered spectacle
30,Israel orders African migrants to leave
31,Anger over YouTuber's dead man video
32,Senator's exit opens door to Mitt Romney
33,Deadly US cold snap expected to worsen
34,Virgin Trains apologises for 'sexist' tweet
35,Boy 'murdered family on New Year's Eve'
36,Many killed in Peru coach cliff plunge
37,Iran's ruler blames unrest on 'enemies'
38,Man charged with bomb threat 'said Bombay'
39,'Risk to life' as storm warning raised
40,The man who flies to work every day
41,Is this ‘the king of meals’?
42,Ten books to read in 2018
43,The ocean is a strange place after dark
44,How Western civilisation could collapse
45,Do early risers really get more done? 
46,The university with its own airfield 
47,"Championship leaders Wolves 3-0 up, Fulham score four in seven mins"
48,Murray considers operation on hip injury
49,Stoke consider future of manager Hughes
50,Arsenal boss Wenger charged by FA
51,MCG pitch used in Ashes rated 'poor'
52,"Rob Cross: From £7 prize to £400,000 world darts champion"
53,"Alli extends Tottenham lead, Man City & Palace ahead"
,HeadLines
0,US scorns Iran's protest accusation
1,Why there are huge protests in Iran
2,Israel orders African migrants to leave
3,Anger over YouTuber's dead man video
4,US soldier killed in combat in Afghanistan
5,Trump faces tough January tests
6,Second Bronx fire rips through building
7,Senator's exit opens door to Mitt Romney
8,Many killed in Peru coach cliff plunge
9,Deadly US cold snap expected to worsen
10,Boy 'murdered family on New Year's Eve'
11,Two killed climbing Table Mountain
12,Kotb officially replaces Lauer on Today
13,Bulgaria president blocks corruption bill
14,Why are there protests in Iran?
15,'We have the right to protest'
16,Police station set ablaze
17,Recreational cannabis on sale in California
18,BBC World News TV
19,BBC World Service Radio
20,Why a booze-free month may be the perfect start to 2018
21,Winter Olympic site where it rarely snows
22,North Korea shows off 'ice missile'
23,Dozens of reptile eggs found in sandpit
24,Photos show Liverpool blaze devastation
25,Why there are huge protests in Iran
26,North Korea shows off 'ice missile'
27,Is this the ‘sexiest dance ever’?
28,Recreational cannabis on sale in California
29,Winter Olympic site where it rarely snows
30,'Used as a slave' in Libya detention centre
31,The Japanese rice cakes that kill people
32,An unpredictable challenge for Iran
33,Making the most of life with a stoma
34,Animal rights activists forced to lie low
35,Reality Check: Keeping your New Year's resolution
36,Creating a new world living in a single room
37,Israel orders African migrants to leave
38,Anger over YouTuber's dead man video
39,Many killed in Peru coach cliff plunge
40,Virgin Trains apologises for 'sexist' tweet
41,Deadly US cold snap expected to worsen
42,Senator's exit opens door to Mitt Romney
43,Man charged with bomb threat 'said Bombay'
44,Iran's ruler blames unrest on 'enemies'
45,Boy 'murdered family on New Year's Eve'
46,US soldier killed in combat in Afghanistan
47,The man who flies to work every day
48,Is this ‘the king of meals’?
49,Ten books to read in 2018
50,The ocean is a strange place after dark
51,How Western civilisation could collapse
52,Do early risers really get more done? 
53,The university with its own airfield 
54,"Championship leaders Wolves go 12 points clear, Birmingham off the bottom"
55,Murray considers operation on hip injury
56,Stoke consider future of manager Hughes
57,Arsenal boss Wenger charged by FA
58,MCG pitch used in Ashes rated 'poor'
59,"Rob Cross: From £7 prize to £400,000 world darts champion"
60,"Man City go 15 points clear, Tottenham, West Ham and Palace win"
,HeadLines
0,'Ten dead' in latest Iran protests
1,"Nuclear button is on my desk, says Kim"
2,Tributes paid to seaplane crash family
3,Fireworks 'chaos' as barge explodes
4,Why China doesn't want your waste anymore
5,Beachgoers' crafty bid to avoid booze ban
6,Recreational cannabis legal in California
7,Cities welcome 2018 with a bang
8,"Indonesia boat capsizes, killing eight"
9,China enters 2018 with ivory ban in force
10,Arena car park fire 'ferocious'
11,Venezuela to raise minimum wage by 40%
12,Germany to enforce hate speech law
13,Saudi and UAE introduce VAT for first time
14,Protests and street fires
15,Clashes in western town
16,"World is watching, US warns"
17,Ringing in 2018 in photos
18,BBC World News TV
19,BBC World Service Radio
20,What keeps this UN peacekeeper going?
21,Baby born as mother flees Myanmar
22,The wild swimmers of Henleaze Lake
23,Niagara Falls becomes ice-covered spectacle
24,Entertainment and arts in memoriam
25,Fireworks 'chaos' as barge explodes
26,Why China doesn't want your waste anymore
27,Niagara Falls becomes ice-covered spectacle
28,Is this the ‘sexiest dance ever’?
29,Cities welcome 2018 with a bang
30,From mega rocket to superfast car - science in 2018
31,Frankenstein: Behind the monster smash
32,What's in store for Europe in 2018?
33,The history of India in one exhibition
34,Teen who scolded Trudeau to address UN
35,The future of international justice
36,Reality Check: Keeping your New Year's resolution
37,Tributes paid to seaplane crash family
38,'Ten dead' in latest Iran protests
39,Beachgoers' crafty bid to avoid booze ban
40,"Nuclear button is on my desk, says Kim"
41,Recreational cannabis legal in California
42,Arena car park fire 'ferocious'
43,Thousands flee Australia beach fireworks
44,Four men die in New Year stabbings
45,Saudi and UAE introduce VAT for first time
46,The wild swimmers of Henleaze Lake
47,Do early risers really get more done? 
48,The world’s most welcoming countries
49,Ten films to watch in 2018
50,The ocean is a strange place after dark
51,"Who will be remembered in 1,000 years?"
52,‘I cut out my social life entirely’
53,How Western civilisation could collapse
54,Crystal Palace 0-0 Manchester City
55,West Bromwich Albion 1-1 Arsenal
56,Sporting predictions for 2018
57,Konta fights back to seal Brisbane win
58,Stokes given permission to play in IPL
59,Who tops the 2017 Premier League table?
60,HT: Brighton 1-1 Bournemouth - all square in entertaining match
,HeadLines
0,'Ten dead' in latest Iran protests
1,"Nuclear button is on my desk, says Kim"
2,Tributes paid to seaplane crash family
3,Fireworks 'chaos' as barge explodes
4,Why China doesn't want your waste anymore
5,Beachgoers' crafty bid to avoid booze ban
6,Recreational cannabis legal in California
7,Cities welcome 2018 with a bang
8,"Indonesia boat capsizes, killing eight"
9,China enters 2018 with ivory ban in force
10,Arena car park fire 'ferocious'
11,Venezuela to raise minimum wage by 40%
12,Germany to enforce hate speech law
13,Saudi and UAE introduce VAT for first time
14,Protests and street fires
15,Clashes in western town
16,"World is watching, US warns"
17,Ringing in 2018 in photos
18,BBC World News TV
19,BBC World Service Radio
20,What keeps this UN peacekeeper going?
21,Baby born as mother flees Myanmar
22,The wild swimmers of Henleaze Lake
23,Niagara Falls becomes ice-covered spectacle
24,Entertainment and arts in memoriam
25,Fireworks 'chaos' as barge explodes
26,Why China doesn't want your waste anymore
27,Niagara Falls becomes ice-covered spectacle
28,Is this the ‘sexiest dance ever’?
29,'He touched my back down to my bum'
30,From mega rocket to superfast car - science in 2018
31,Frankenstein: Behind the monster smash
32,What's in store for Europe in 2018?
33,The history of India in one exhibition
34,Teen who scolded Trudeau to address UN
35,The future of international justice
36,Reality Check: Keeping your New Year's resolution
37,Tributes paid to seaplane crash family
38,Four men die in New Year stabbings
39,Beachgoers' crafty bid to avoid booze ban
40,"Nuclear button is on my desk, says Kim"
41,'Ten dead' in latest Iran protests
42,Recreational cannabis legal in California
43,Thousands flee Australia beach fireworks
44,Arena car park fire 'ferocious'
45,The wild swimmers of Henleaze Lake
46,Saudi and UAE introduce VAT for first time
47,Do early risers really get more done? 
48,The world’s most welcoming countries
49,Ten films to watch in 2018
50,The ocean is a strange place after dark
51,"Who will be remembered in 1,000 years?"
52,‘I cut out my social life entirely’
53,How Western civilisation could collapse
54,Premier League - Burnley v Liverpool one of three 15:00 GMT games
55,EFL build-up and who next for Forest?
56,Sporting predictions for 2018
57,Konta fights back to seal Brisbane win
58,Stokes given permission to play in IPL
59,Who tops the 2017 Premier League table?
60,Brighton 2-1 Bournemouth - Begovic prevents Albion extending lead
,HeadLines
0,New protests as Iran plays down unrest
1,"Nuclear button is on my desk, says Kim"
2,Palestinian girl charged after slap video
3,Trump's first tweet of 2018 attacks Pakistan
4,Fireworks 'chaos' as barge explodes
5,Beachgoers' crafty bid to avoid booze ban
6,Tributes paid to seaplane crash family
7,Large meteor spotted in skies across UK
8,Why China doesn't want your waste anymore
9,Recreational cannabis legal in California
10,Palestinian envoy sent back to Washington
11,"Indonesia boat capsizes, killing eight"
12,"Boko Haram captives escape, army says"
13,'Ferocious' fire engulfed arena car park
14,Protests and street fires
15,Clashes in western town
16,Protest chants sweep cities
17,Cities welcome 2018 with a bang
18,BBC World News TV
19,BBC World Service Radio
20,Ringing in 2018 in photos
21,What keeps this UN peacekeeper going?
22,Baby born as mother flees Myanmar
23,The wild swimmers of Henleaze Lake
24,Niagara Falls becomes ice-covered spectacle
25,Fireworks 'chaos' as barge explodes
26,Is this the ‘sexiest dance ever’?
27,Large meteor spotted in skies across UK
28,Niagara Falls becomes ice-covered spectacle
29,Cities welcome 2018 with a bang
30,Our sporting predictions for 2018
31,From mega rocket to superfast car - science in 2018
32,Frankenstein: Behind the monster smash
33,What's in store for Europe in 2018?
34,The history of India in one exhibition
35,Teen who scolded Trudeau to address UN
36,Reality Check: Keeping your New Year's resolution
37,Beachgoers' crafty bid to avoid booze ban
38,Palestinian girl charged after slap video
39,New protests as Iran plays down unrest
40,Trump's first tweet of 2018 attacks Pakistan
41,"Nuclear button is on my desk, says Kim"
42,Palestinian envoy sent back to Washington
43,Thousands flee Australia beach fireworks
44,Tributes paid to seaplane crash family
45,Recreational cannabis legal in California
46,"Boko Haram captives escape, army says"
47,Do early risers really get more done? 
48,The world’s most welcoming countries
49,Ten films to watch in 2018
50,The ocean is a strange place after dark
51,"Who will be remembered in 1,000 years?"
52,‘I cut out my social life entirely’
53,How Western civilisation could collapse
54,Everton 0-2 Manchester United
55,England could look at 'different people'
56,Konta fights back to seal Brisbane win
57,How well do you know Phil Taylor?
58,Burnley 1-2 Liverpool
59,Stokes given permission to play in IPL
60,PDC World Championship Darts final - Taylor v Cross
,HeadLines
0,Hollywood women launch abuse campaign
1,New protests as Iran plays down unrest
2,Trump blasts Pakistan in first 2018 tweet
3,"Nuclear button is on my desk, says Kim"
4,Palestinian girl charged after slap video
5,Fireworks 'chaos' as barge explodes
6,Beachgoers' crafty bid to avoid booze ban
7,Venezuela soldier held over queue killing
8,Tributes paid to seaplane crash family
9,Large meteor spotted in skies across UK
10,Why China doesn't want your waste anymore
11,Recreational cannabis legal in California
12,"Boko Haram captives escape, army says"
13,'Ferocious' fire engulfed arena car park
14,'MeToo' exposes scale of sexual abuse
15,Weinstein: The accusers' stories
16,Time magazine honours 'silence breakers' 
17,Cities welcome 2018 with a bang
18,BBC World News TV
19,BBC World Service Radio
20,Ringing in 2018 in photos
21,What keeps this UN peacekeeper going?
22,Baby born as mother flees Myanmar
23,The wild swimmers of Henleaze Lake
24,Niagara Falls becomes ice-covered spectacle
25,Large meteor spotted in skies across UK
26,Fireworks 'chaos' as barge explodes
27,Niagara Falls becomes ice-covered spectacle
28,Is this the ‘sexiest dance ever’?
29,Why China doesn't want your waste anymore
30,Our sporting predictions for 2018
31,From mega rocket to superfast car - science in 2018
32,Frankenstein: Behind the monster smash
33,What's in store for Europe in 2018?
34,The history of India in one exhibition
35,Teen who scolded Trudeau to address UN
36,Reality Check: Keeping your New Year's resolution
37,Beachgoers' crafty bid to avoid booze ban
38,Palestinian girl charged after slap video
39,Trump blasts Pakistan in first 2018 tweet
40,Hollywood women launch abuse campaign
41,New protests as Iran plays down unrest
42,"Nuclear button is on my desk, says Kim"
43,Tributes paid to seaplane crash family
44,Recreational cannabis legal in California
45,"Boko Haram captives escape, army says"
46,Venezuela soldier held over queue killing
47,Do early risers really get more done? 
48,The world’s most welcoming countries
49,Ten films to watch in 2018
50,The ocean is a strange place after dark
51,"Who will be remembered in 1,000 years?"
52,‘I cut out my social life entirely’
53,How Western civilisation could collapse
54,Everton 0-2 Manchester United
55,England could look at 'different people'
56,Konta fights back to seal Brisbane win
57,How well do you know Phil Taylor?
58,Burnley 1-2 Liverpool
59,Stokes given permission to play in IPL
60,PDC World Championship Darts final - Cross moves 5-1 up against Taylor
,HeadLines
0,Hollywood women launch abuse campaign
1,New protests as Iran plays down unrest
2,Trump blasts Pakistan in first 2018 tweet
3,"Nuclear button is on my desk, says Kim"
4,Palestinian girl charged after slap video
5,Fireworks 'chaos' as barge explodes
6,Former winner becomes Miss America chair
7,Beachgoers' crafty bid to avoid booze ban
8,Venezuela soldier held over queue killing
9,Tributes paid to seaplane crash family
10,Large meteor spotted in skies across UK
11,Recreational cannabis legal in California
12,"Boko Haram captives escape, army says"
13,'Ferocious' fire engulfed arena car park
14,'MeToo' exposes scale of sexual abuse
15,Weinstein: The accusers' stories
16,Time magazine honours 'silence breakers' 
17,Cities welcome 2018 with a bang
18,BBC World News TV
19,BBC World Service Radio
20,Ringing in 2018 in photos
21,What keeps this UN peacekeeper going?
22,Baby born as mother flees Myanmar
23,The wild swimmers of Henleaze Lake
24,Why China doesn't want your waste anymore
25,Is this the ‘sexiest dance ever’?
26,Fireworks 'chaos' as barge explodes
27,Large meteor spotted in skies across UK
28,'He touched my back down to my bum'
29,Niagara Falls becomes ice-covered spectacle
30,Our sporting predictions for 2018
31,From mega rocket to superfast car - science in 2018
32,Frankenstein: Behind the monster smash
33,What's in store for Europe in 2018?
34,The history of India in one exhibition
35,Teen who scolded Trudeau to address UN
36,Reality Check: Keeping your New Year's resolution
37,Beachgoers' crafty bid to avoid booze ban
38,Hollywood women launch abuse campaign
39,Palestinian girl charged after slap video
40,Trump blasts Pakistan in first 2018 tweet
41,US family shot dead on New Year's Eve
42,Penis cliffhanger is NZ quote of the year
43,Former winner becomes Miss America chair
44,New protests as Iran plays down unrest
45,"Nuclear button is on my desk, says Kim"
46,The wild swimmers of Henleaze Lake
47,Do early risers really get more done? 
48,The world’s most welcoming countries
49,Ten films to watch in 2018
50,The ocean is a strange place after dark
51,"Who will be remembered in 1,000 years?"
52,‘I cut out my social life entirely’
53,How Western civilisation could collapse
54,Cross stuns Taylor to claim world title
55,Farewell to sport's unlikely revolutionary
56,England could look at 'different people'
57,Konta fights back to seal Brisbane win
58,Fixture list a 'disaster' - Guardiola
59,How well do you know Phil Taylor?
60,Everton 0-2 Manchester United
,HeadLines
0,Hollywood women launch abuse campaign
1,New protests as Iran plays down unrest
2,Trump blasts Pakistan in first 2018 tweet
3,German MP under fire for anti-Muslim tweets
4,"Nuclear button is on my desk, says Kim"
5,Palestinian girl charged after slap video
6,Former winner becomes Miss America chair
7,Fireworks 'chaos' as barge explodes
8,Beachgoers' crafty bid to avoid booze ban
9,Venezuela soldier held over queue killing
10,Tributes paid to seaplane crash family
11,Large meteor spotted in skies across UK
12,"Boko Haram captives escape, army says"
13,'Ferocious' fire engulfed arena car park
14,'MeToo' exposes scale of sexual abuse
15,Weinstein: The accusers' stories
16,Time magazine honours 'silence breakers' 
17,What's it like to live in North Korea?
18,BBC World News TV
19,BBC World Service Radio
20,Winter Olympic site where it rarely snows
21,What keeps this UN peacekeeper going?
22,Baby born as mother flees Myanmar
23,Ringing in 2018 in photos
24,The wild swimmers of Henleaze Lake
25,Is this the ‘sexiest dance ever’?
26,Fireworks 'chaos' as barge explodes
27,Niagara Falls becomes ice-covered spectacle
28,What's it like to live in North Korea?
29,'He touched my back down to my bum'
30,Making the most of life with a stoma
31,Reality Check: Keeping your New Year's resolution
32,Our sporting predictions for 2018
33,From mega rocket to superfast car - science in 2018
34,Frankenstein: Behind the monster smash
35,What's in store for Europe in 2018?
36,The unusual art of Prince's ex-art director 
37,Beachgoers' crafty bid to avoid booze ban
38,Venezuela soldier held over queue killing
39,Hollywood women launch abuse campaign
40,Trump blasts Pakistan in first 2018 tweet
41,German MP under fire for anti-Muslim tweets
42,Palestinian girl charged after slap video
43,US family shot dead on New Year's Eve
44,New protests as Iran plays down unrest
45,Former winner becomes Miss America chair
46,The wild swimmers of Henleaze Lake
47,The man who flies to work every day
48,The world’s most welcoming countries
49,Ten films to watch in 2018
50,The ocean is a strange place after dark
51,"Who will be remembered in 1,000 years?"
52,Do early risers really get more done? 
53,How Western civilisation could collapse
54,Cross stuns Taylor to claim world title
55,Farewell to sport's unlikely revolutionary
56,England could look at 'different people'
57,Konta fights back to seal Brisbane win
58,Fixture list a 'disaster' - Guardiola
59,How well do you know Phil Taylor?
60,Everton 0-2 Manchester United
,HeadLines
0,Hollywood women launch abuse campaign
1,New protests as Iran plays down unrest
2,Trump blasts Pakistan in first 2018 tweet
3,German MP under fire for anti-Muslim tweets
4,"Nuclear button is on my desk, says Kim"
5,Palestinian girl charged after slap video
6,Former winner becomes Miss America chair
7,Fireworks 'chaos' as barge explodes
8,Beachgoers' crafty bid to avoid booze ban
9,Venezuela soldier held over queue killing
10,Tributes paid to seaplane crash family
11,Large meteor spotted in skies across UK
12,"Boko Haram captives escape, army says"
13,'Ferocious' fire engulfed arena car park
14,'MeToo' exposes scale of sexual abuse
15,Weinstein: The accusers' stories
16,Time magazine honours 'silence breakers' 
17,What's it like to live in North Korea?
18,BBC World News TV
19,BBC World Service Radio
20,Winter Olympic site where it rarely snows
21,What keeps this UN peacekeeper going?
22,Baby born as mother flees Myanmar
23,Ringing in 2018 in photos
24,The wild swimmers of Henleaze Lake
25,Fireworks 'chaos' as barge explodes
26,Is this the ‘sexiest dance ever’?
27,Large meteor spotted in skies across UK
28,Niagara Falls becomes ice-covered spectacle
29,Why China doesn't want your waste anymore
30,Reality Check: Keeping your New Year's resolution
31,Our sporting predictions for 2018
32,From mega rocket to superfast car - science in 2018
33,Frankenstein: Behind the monster smash
34,What's in store for Europe in 2018?
35,The history of India in one exhibition
36,The unusual art of Prince's ex-art director 
37,Beachgoers' crafty bid to avoid booze ban
38,Trump blasts Pakistan in first 2018 tweet
39,Hollywood women launch abuse campaign
40,Palestinian girl charged after slap video
41,Penis cliffhanger is NZ quote of the year
42,US family shot dead on New Year's Eve
43,New protests as Iran plays down unrest
44,Former winner becomes Miss America chair
45,The wild swimmers of Henleaze Lake
46,"Nuclear button is on my desk, says Kim"
47,Do early risers really get more done? 
48,The world’s most welcoming countries
49,Ten films to watch in 2018
50,The ocean is a strange place after dark
51,"Who will be remembered in 1,000 years?"
52,‘I cut out my social life entirely’
53,How Western civilisation could collapse
54,Cross stuns Taylor to claim world title
55,Farewell to sport's unlikely revolutionary
56,England could look at 'different people'
57,Konta fights back to seal Brisbane win
58,Fixture list a 'disaster' - Guardiola
59,How well do you know Phil Taylor?
60,Everton 0-2 Manchester United
,HeadLines
0,Hollywood women launch abuse campaign
1,New protests as Iran plays down unrest
2,Trump blasts Pakistan in first 2018 tweet
3,German MP under fire for anti-Muslim tweets
4,Nine killed in Brazil prison riot
5,Palestinian girl charged after slap video
6,Former winner becomes Miss America chair
7,"Nuclear button is on my desk, says Kim"
8,Beachgoers' crafty bid to avoid booze ban
9,Venezuela soldier held over queue killing
10,Tributes paid to seaplane crash family
11,Large meteor spotted in skies across UK
12,"Boko Haram captives escape, army says"
13,Drug smuggler Corby appears on music track
14,'MeToo' exposes scale of sexual abuse
15,LA's casting couch culture 
16,Weinstein: The accusers' stories
17,What's it like to live in North Korea?
18,BBC World News TV
19,BBC World Service Radio
20,Winter Olympic site where it rarely snows
21,What keeps this UN peacekeeper going?
22,Baby born as mother flees Myanmar
23,Ringing in 2018 in photos
24,The wild swimmers of Henleaze Lake
25,Is this the ‘sexiest dance ever’?
26,What's it like to live in North Korea?
27,'He touched my back down to my bum'
28,Winter Olympic site where it rarely snows
29,Scandal of US teen locked up for years without trial
30,The Japanese rice cakes that kill people
31,Making the most of life with a stoma
32,Animal rights activists forced to lie low
33,Reality Check: Keeping your New Year's resolution
34,Our sporting predictions for 2018
35,From mega rocket to superfast car - science in 2018
36,The unusual art of Prince's ex-art director 
37,Beachgoers' crafty bid to avoid booze ban
38,Hollywood women launch abuse campaign
39,Trump blasts Pakistan in first 2018 tweet
40,Venezuela soldier held over queue killing
41,German MP under fire for anti-Muslim tweets
42,The Japanese rice cakes that kill people
43,Palestinian girl charged after slap video
44,New protests as Iran plays down unrest
45,US family shot dead on New Year's Eve
46,Drug smuggler Corby appears on music track
47,The man who flies to work every day
48,The world’s most welcoming countries
49,Ten films to watch in 2018
50,The ocean is a strange place after dark
51,"Who will be remembered in 1,000 years?"
52,Do early risers really get more done? 
53,How Western civilisation could collapse
54,Cross stuns Taylor to claim world title
55,Farewell to sport's unlikely revolutionary
56,England could look at 'different people'
57,Konta fights back to seal Brisbane win
58,Fixture list a 'disaster' - Guardiola
59,How well do you know Phil Taylor?
60,Everton 0-2 Manchester United
